"9789922793795","9789922793795","EAN_13","1410636655433","Sep 13, 2014 3:30:55 PM",""
"9789922793795","9789922793795","EAN_13","1410636648146","Sep 13, 2014 3:30:48 PM",""
"9789924368991","9789924368991","EAN_13","1410636631018","Sep 13, 2014 3:30:31 PM",""
"9789916981818","9789916981818","EAN_13","1410636619856","Sep 13, 2014 3:30:19 PM",""
"9789916981818","9789916981818","EAN_13","1410636613797","Sep 13, 2014 3:30:13 PM",""
"9789924684565","9789924684565","EAN_13","1410636607591","Sep 13, 2014 3:30:07 PM",""
"9789923727928","9789923727928","EAN_13","1410636592484","Sep 13, 2014 3:29:52 PM",""
"9789916455920","9789916455920","EAN_13","1410636578939","Sep 13, 2014 3:29:38 PM",""
"9789923732670","9789923732670","EAN_13","1410636564931","Sep 13, 2014 3:29:24 PM",""
"9789923255186","9789923255186","EAN_13","1410636553624","Sep 13, 2014 3:29:13 PM",""
"9789924409977","9789924409977","EAN_13","1410636544544","Sep 13, 2014 3:29:04 PM",""
"9789923255186","9789923255186","EAN_13","1410636529912","Sep 13, 2014 3:28:49 PM",""
"9789923636619","9789923636619","EAN_13","1410636514423","Sep 13, 2014 3:28:34 PM",""
"9789923858493","9789923858493","EAN_13","1410636500614","Sep 13, 2014 3:28:20 PM",""
"9789923199497","9789923199497","EAN_13","1410636481314","Sep 13, 2014 3:28:01 PM",""
"9789923994559","9789923994559","EAN_13","1410636471227","Sep 13, 2014 3:27:51 PM",""
"9789923994559","9789923994559","EAN_13","1410636463895","Sep 13, 2014 3:27:43 PM",""
"9789921172157","9789921172157","EAN_13","1410636448328","Sep 13, 2014 3:27:28 PM",""
"9789921172157","9789921172157","EAN_13","1410636440609","Sep 13, 2014 3:27:20 PM",""
"9789922787053","9789922787053","EAN_13","1410636431820","Sep 13, 2014 3:27:11 PM",""
"9789922617732","9789922617732","EAN_13","1410636421110","Sep 13, 2014 3:27:01 PM",""
"9789918631155","9789918631155","EAN_13","1410636408144","Sep 13, 2014 3:26:48 PM",""
"9789918631155","9789918631155","EAN_13","1410636400918","Sep 13, 2014 3:26:40 PM",""
"9789923562451","9789923562451","EAN_13","1410636386790","Sep 13, 2014 3:26:26 PM",""
"9789923562451","9789923562451","EAN_13","1410636378202","Sep 13, 2014 3:26:18 PM",""
"9789920620727","9789920620727","EAN_13","1410636369613","Sep 13, 2014 3:26:09 PM",""
"9789920620727","9789920620727","EAN_13","1410636363604","Sep 13, 2014 3:26:03 PM",""
"9789923334324","9789923334324","EAN_13","1410636355078","Sep 13, 2014 3:25:55 PM",""
"9789924676416","9789924676416","EAN_13","1410636339227","Sep 13, 2014 3:25:39 PM",""
"9789924675815","9789924675815","EAN_13","1410636320848","Sep 13, 2014 3:25:20 PM",""
"9789921768770","9789921768770","EAN_13","1410636310712","Sep 13, 2014 3:25:10 PM",""
"9789921768770","9789921768770","EAN_13","1410636303669","Sep 13, 2014 3:25:03 PM",""
"9789923048238","9789923048238","EAN_13","1410636293860","Sep 13, 2014 3:24:53 PM",""
"9789923048238","9789923048238","EAN_13","1410636285491","Sep 13, 2014 3:24:45 PM",""
"9789923727980","9789923727980","EAN_13","1410636273245","Sep 13, 2014 3:24:33 PM",""
"9789922598796","9789922598796","EAN_13","1410636265487","Sep 13, 2014 3:24:25 PM",""
"9789922598796","9789922598796","EAN_13","1410636257008","Sep 13, 2014 3:24:17 PM",""
"9789923398937","9789923398937","EAN_13","1410636248042","Sep 13, 2014 3:24:08 PM",""
"9789920575997","9789920575997","EAN_13","1410636237324","Sep 13, 2014 3:23:57 PM",""
"9789921961553","9789921961553","EAN_13","1410636225414","Sep 13, 2014 3:23:45 PM",""
"9789921961553","9789921961553","EAN_13","1410636216290","Sep 13, 2014 3:23:36 PM",""
"9789922372945","9789922372945","EAN_13","1410636208181","Sep 13, 2014 3:23:28 PM",""
"9789922981277","9789922981277","EAN_13","1410636197437","Sep 13, 2014 3:23:17 PM",""
"9789915927817","9789915927817","EAN_13","1410636185733","Sep 13, 2014 3:23:05 PM",""
"9789915927817","9789915927817","EAN_13","1410636179641","Sep 13, 2014 3:22:59 PM",""
"9789923622889","9789923622889","EAN_13","1410636166188","Sep 13, 2014 3:22:46 PM",""
"9789923622889","9789923622889","EAN_13","1410636159402","Sep 13, 2014 3:22:39 PM",""
"9789922981277","9789922981277","EAN_13","1410636146117","Sep 13, 2014 3:22:26 PM",""
"9789923280645","9789923280645","EAN_13","1410636134744","Sep 13, 2014 3:22:14 PM",""
"9789923280645","9789923280645","EAN_13","1410636125910","Sep 13, 2014 3:22:05 PM",""
"9789923623084","9789923623084","EAN_13","1410636113796","Sep 13, 2014 3:21:53 PM",""
"9789921941104","9789921941104","EAN_13","1410636099213","Sep 13, 2014 3:21:39 PM",""
"9789923334355","9789923334355","EAN_13","1410636069874","Sep 13, 2014 3:21:09 PM",""
"9789924675877","9789924675877","EAN_13","1410636058879","Sep 13, 2014 3:20:58 PM",""
"9789914204940","9789914204940","EAN_13","1410636043979","Sep 13, 2014 3:20:43 PM",""
"9789912841529","9789912841529","EAN_13","1410636034329","Sep 13, 2014 3:20:34 PM",""
"9789911015914","9789911015914","EAN_13","1410636023502","Sep 13, 2014 3:20:23 PM",""
"9789923727904","9789923727904","EAN_13","1410636009111","Sep 13, 2014 3:20:09 PM",""
"9789921953015","9789921953015","EAN_13","1410635994832","Sep 13, 2014 3:19:54 PM",""
"9789921953015","9789921953015","EAN_13","1410635987881","Sep 13, 2014 3:19:47 PM",""
"9789920041461","9789920041461","EAN_13","1410635965429","Sep 13, 2014 3:19:25 PM",""
"9789920041461","9789920041461","EAN_13","1410635957428","Sep 13, 2014 3:19:17 PM",""
"9789921506617","9789921506617","EAN_13","1410635929147","Sep 13, 2014 3:18:49 PM",""
"9789921987119","9789921987119","EAN_13","1410635916548","Sep 13, 2014 3:18:36 PM",""
"9789924672838","9789924672838","EAN_13","1410635898641","Sep 13, 2014 3:18:18 PM",""
"9789924459972","9789924459972","EAN_13","1410635885207","Sep 13, 2014 3:18:05 PM",""
"9789924672845","9789924672845","EAN_13","1410635873300","Sep 13, 2014 3:17:53 PM",""
"9789923280768","9789923280768","EAN_13","1410635859983","Sep 13, 2014 3:17:39 PM",""
"9789921724776","9789921724776","EAN_13","1410635848429","Sep 13, 2014 3:17:28 PM",""
"9789921170214","9789921170214","EAN_13","1410635837449","Sep 13, 2014 3:17:17 PM",""
"9789923562680","9789923562680","EAN_13","1410635821701","Sep 13, 2014 3:17:01 PM",""
"9789923280591","9789923280591","EAN_13","1410635808404","Sep 13, 2014 3:16:48 PM",""
"9789914498585","9789914498585","EAN_13","1410635789708","Sep 13, 2014 3:16:29 PM",""
"9789921958362","9789921958362","EAN_13","1410635774358","Sep 13, 2014 3:16:14 PM",""
"9789923842959","9789923842959","EAN_13","1410635759771","Sep 13, 2014 3:15:59 PM",""
"9789923831007","9789923831007","EAN_13","1410635747567","Sep 13, 2014 3:15:47 PM",""
"9789923501290","9789923501290","EAN_13","1410635734613","Sep 13, 2014 3:15:34 PM",""
"9789924573746","9789924573746","EAN_13","1410635722713","Sep 13, 2014 3:15:22 PM",""
"9789923169261","9789923169261","EAN_13","1410635708680","Sep 13, 2014 3:15:08 PM",""
"9789921506556","9789921506556","EAN_13","1410635696741","Sep 13, 2014 3:14:56 PM",""
"9789921506945","9789921506945","EAN_13","1410635678606","Sep 13, 2014 3:14:38 PM",""
"9789911941084","9789911941084","EAN_13","1410635665109","Sep 13, 2014 3:14:25 PM",""
"9789924460046","9789924460046","EAN_13","1410635598279","Sep 13, 2014 3:13:18 PM",""
"9789922787084","9789922787084","EAN_13","1410635578099","Sep 13, 2014 3:12:58 PM",""
"9789922787084","9789922787084","EAN_13","1410635574257","Sep 13, 2014 3:12:54 PM",""
"9789924929642","9789924929642","EAN_13","1410635552409","Sep 13, 2014 3:12:32 PM",""
"2800545093202","2800545093202","CODE_128","1410635541701","Sep 13, 2014 3:12:21 PM",""
"9789921504637","9789921504637","EAN_13","1410635530394","Sep 13, 2014 3:12:10 PM",""
"2800545111586","2800545111586","CODE_128","1410635518543","Sep 13, 2014 3:11:58 PM",""
"9789917100041","9789917100041","EAN_13","1410635503598","Sep 13, 2014 3:11:43 PM",""
"9789922600406","9789922600406","EAN_13","1410635484590","Sep 13, 2014 3:11:24 PM",""
"9789923885772","9789923885772","EAN_13","1410635473099","Sep 13, 2014 3:11:13 PM",""
"9789922310602","9789922310602","EAN_13","1410635454023","Sep 13, 2014 3:10:54 PM",""
"9789922512037","9789922512037","EAN_13","1410635405973","Sep 13, 2014 3:10:05 PM",""
"9789922512037","9789922512037","EAN_13","1410635400185","Sep 13, 2014 3:10:00 PM",""
"9789922786988","9789922786988","EAN_13","1410635361973","Sep 13, 2014 3:09:21 PM",""
"9789922786988","9789922786988","EAN_13","1410635358353","Sep 13, 2014 3:09:18 PM",""
"9789924427827","9789924427827","EAN_13","1410635350246","Sep 13, 2014 3:09:10 PM",""
"9789924336334","9789924336334","EAN_13","1410635341580","Sep 13, 2014 3:09:01 PM",""
"9789923501368","9789923501368","EAN_13","1410635332674","Sep 13, 2014 3:08:52 PM",""
"9789916579992","9789916579992","EAN_13","1410635323330","Sep 13, 2014 3:08:43 PM",""
"9789916579992","9789916579992","EAN_13","1410635318236","Sep 13, 2014 3:08:38 PM",""
"9789923026137","9789923026137","EAN_13","1410635311267","Sep 13, 2014 3:08:31 PM",""
"9789923623039","9789923623039","EAN_13","1410635303055","Sep 13, 2014 3:08:23 PM",""
"9789924017813","9789924017813","EAN_13","1410635295308","Sep 13, 2014 3:08:15 PM",""
"9789924017813","9789924017813","EAN_13","1410635291087","Sep 13, 2014 3:08:11 PM",""
"9789921952612","9789921952612","EAN_13","1410635282161","Sep 13, 2014 3:08:02 PM",""
"9789921952612","9789921952612","EAN_13","1410635277406","Sep 13, 2014 3:07:57 PM",""
"9789923280713","9789923280713","EAN_13","1410635245773","Sep 13, 2014 3:07:25 PM",""
"9789924058243","9789924058243","EAN_13","1410635240063","Sep 13, 2014 3:07:20 PM",""
"9789924058243","9789924058243","EAN_13","1410635235921","Sep 13, 2014 3:07:15 PM",""
"9789919516185","9789919516185","EAN_13","1410635215030","Sep 13, 2014 3:06:55 PM",""
"9789919516185","9789919516185","EAN_13","1410635205306","Sep 13, 2014 3:06:45 PM",""
"9789919035365","9789919035365","EAN_13","1410635193613","Sep 13, 2014 3:06:33 PM",""
"9789924676430","9789924676430","EAN_13","1410635185167","Sep 13, 2014 3:06:25 PM",""
"9789915771236","9789915771236","EAN_13","1410635160799","Sep 13, 2014 3:06:00 PM",""
"9789923562475","9789923562475","EAN_13","1410635152267","Sep 13, 2014 3:05:52 PM",""
"9789923280478","9789923280478","EAN_13","1410635141447","Sep 13, 2014 3:05:41 PM",""
"9789924570844","9789924570844","EAN_13","1410635131163","Sep 13, 2014 3:05:31 PM",""
"9789924058229","9789924058229","EAN_13","1410635116747","Sep 13, 2014 3:05:16 PM",""
"9789924058229","9789924058229","EAN_13","1410635113367","Sep 13, 2014 3:05:13 PM",""
"9789923757642","9789923757642","EAN_13","1410635102437","Sep 13, 2014 3:05:02 PM",""
"9789923234204","9789923234204","EAN_13","1410635095557","Sep 13, 2014 3:04:55 PM",""
"9789923234204","9789923234204","EAN_13","1410635092215","Sep 13, 2014 3:04:52 PM",""
"9789922793542","9789922793542","EAN_13","1410635084078","Sep 13, 2014 3:04:44 PM",""
"9789922793542","9789922793542","EAN_13","1410635079590","Sep 13, 2014 3:04:39 PM",""
"9789921768695","9789921768695","EAN_13","1410635073867","Sep 13, 2014 3:04:33 PM",""
"9789921768695","9789921768695","EAN_13","1410635069251","Sep 13, 2014 3:04:29 PM",""
"9789923398715","9789923398715","EAN_13","1410635061388","Sep 13, 2014 3:04:21 PM",""
"9789922167602","9789922167602","EAN_13","1410635049623","Sep 13, 2014 3:04:09 PM",""
"9789922167602","9789922167602","EAN_13","1410635043888","Sep 13, 2014 3:04:03 PM",""
"9789924369141","9789924369141","EAN_13","1410635037947","Sep 13, 2014 3:03:57 PM",""
"9789923757352","9789923757352","EAN_13","1410635026480","Sep 13, 2014 3:03:46 PM",""
"9789923757352","9789923757352","EAN_13","1410635023152","Sep 13, 2014 3:03:43 PM",""
"9789922369242","9789922369242","EAN_13","1410635017111","Sep 13, 2014 3:03:37 PM",""
"9789922793696","9789922793696","EAN_13","1410634996244","Sep 13, 2014 3:03:16 PM",""
"9789922793696","9789922793696","EAN_13","1410634990519","Sep 13, 2014 3:03:10 PM",""
"9789924506720","9789924506720","EAN_13","1410634983051","Sep 13, 2014 3:03:03 PM",""
"9789923269299","9789923269299","EAN_13","1410634974224","Sep 13, 2014 3:02:54 PM",""
"9789924489986","9789924489986","EAN_13","1410634966007","Sep 13, 2014 3:02:46 PM",""
"9789917168669","9789917168669","EAN_13","1410634959928","Sep 13, 2014 3:02:39 PM",""
"9789924058113","9789924058113","EAN_13","1410634950931","Sep 13, 2014 3:02:30 PM",""
"9789922811741","9789922811741","EAN_13","1410634940632","Sep 13, 2014 3:02:20 PM",""
"9789911204097","9789911204097","EAN_13","1410634933634","Sep 13, 2014 3:02:13 PM",""
"9789923026205","9789923026205","EAN_13","1410634925383","Sep 13, 2014 3:02:05 PM",""
"9789923026205","9789923026205","EAN_13","1410634919707","Sep 13, 2014 3:01:59 PM",""
"9789923017685","9789923017685","EAN_13","1410634910986","Sep 13, 2014 3:01:50 PM",""
"9789923017685","9789923017685","EAN_13","1410634909697","Sep 13, 2014 3:01:49 PM",""
"9789919547042","9789919547042","EAN_13","1410634903921","Sep 13, 2014 3:01:43 PM",""
"9789923269312","9789923269312","EAN_13","1410634887643","Sep 13, 2014 3:01:27 PM",""
"9789923269312","9789923269312","EAN_13","1410634884299","Sep 13, 2014 3:01:24 PM",""
"9789923001875","9789923001875","EAN_13","1410634875824","Sep 13, 2014 3:01:15 PM",""
"9789923001875","9789923001875","EAN_13","1410634872119","Sep 13, 2014 3:01:12 PM",""
"9789922373065","9789922373065","EAN_13","1410634866193","Sep 13, 2014 3:01:06 PM",""
"9789924684589","9789924684589","EAN_13","1410634860146","Sep 13, 2014 3:01:00 PM",""
"9789923857953","9789923857953","EAN_13","1410634852288","Sep 13, 2014 3:00:52 PM",""
"9789923857953","9789923857953","EAN_13","1410634848093","Sep 13, 2014 3:00:48 PM",""
"9789923016817","9789923016817","EAN_13","1410634842423","Sep 13, 2014 3:00:42 PM",""
"9789920515191","9789920515191","EAN_13","1410634836451","Sep 13, 2014 3:00:36 PM",""
"9789920515191","9789920515191","EAN_13","1410634830623","Sep 13, 2014 3:00:30 PM",""
"9789919586959","9789919586959","EAN_13","1410634821949","Sep 13, 2014 3:00:21 PM",""
"9789923280621","9789923280621","EAN_13","1410634815894","Sep 13, 2014 3:00:15 PM",""
"9789923280621","9789923280621","EAN_13","1410634809666","Sep 13, 2014 3:00:09 PM",""
"9789923949542","9789923949542","EAN_13","1410634806230","Sep 13, 2014 3:00:06 PM",""
"9789923986707","9789923986707","EAN_13","1410634799466","Sep 13, 2014 2:59:59 PM",""
"9789921961072","9789921961072","EAN_13","1410634559980","Sep 13, 2014 2:55:59 PM",""
"9789924410232","9789924410232","EAN_13","1410634551819","Sep 13, 2014 2:55:51 PM",""
"9789913923828","9789913923828","EAN_13","1410634543874","Sep 13, 2014 2:55:43 PM",""
"9789920621359","9789920621359","EAN_13","1410634536468","Sep 13, 2014 2:55:36 PM",""
"9789924410232","9789924410232","EAN_13","1410634515047","Sep 13, 2014 2:55:15 PM",""
"9789913058810","9789913058810","EAN_13","1410634508104","Sep 13, 2014 2:55:08 PM",""
"9789922713663","9789922713663","EAN_13","1410634500656","Sep 13, 2014 2:55:00 PM",""
"9789924058069","9789924058069","EAN_13","1410634494835","Sep 13, 2014 2:54:54 PM",""
"9789924223030","9789924223030","EAN_13","1410634489202","Sep 13, 2014 2:54:49 PM",""
"9789924675914","9789924675914","EAN_13","1410634483457","Sep 13, 2014 2:54:43 PM",""
"9789923168721","9789923168721","EAN_13","1410634477890","Sep 13, 2014 2:54:37 PM",""
"9789924802570","9789924802570","EAN_13","1410634472429","Sep 13, 2014 2:54:32 PM",""
"2801600245932","2801600245932","CODE_128","1410634464322","Sep 13, 2014 2:54:24 PM",""
"2800061712656","2800061712656","CODE_128","1410634449005","Sep 13, 2014 2:54:09 PM",""
"9789921958164","9789921958164","EAN_13","1410634442583","Sep 13, 2014 2:54:02 PM",""
"9789921952322","9789921952322","EAN_13","1410634434171","Sep 13, 2014 2:53:54 PM",""
"9789921952322","9789921952322","EAN_13","1410634427241","Sep 13, 2014 2:53:47 PM",""
"9789923269237","9789923269237","EAN_13","1410634405008","Sep 13, 2014 2:53:25 PM",""
"9789923280669","9789923280669","EAN_13","1410634395894","Sep 13, 2014 2:53:15 PM",""
"9789923001912","9789923001912","EAN_13","1410634390260","Sep 13, 2014 2:53:10 PM",""
"9789923039908","9789923039908","EAN_13","1410634383930","Sep 13, 2014 2:53:03 PM",""
"9789923039908","9789923039908","EAN_13","1410634377893","Sep 13, 2014 2:52:57 PM",""
"9789919470289","9789919470289","EAN_13","1410634372326","Sep 13, 2014 2:52:52 PM",""
"9789923667682","9789923667682","EAN_13","1410634366145","Sep 13, 2014 2:52:46 PM",""
"9789924459613","9789924459613","EAN_13","1410634357687","Sep 13, 2014 2:52:37 PM",""
"9789923374627","9789923374627","EAN_13","1410634341524","Sep 13, 2014 2:52:21 PM",""
"9789923374627","9789923374627","EAN_13","1410634332945","Sep 13, 2014 2:52:12 PM",""
"9789923888896","9789923888896","EAN_13","1410634327152","Sep 13, 2014 2:52:07 PM",""
"9789916357095","9789916357095","EAN_13","1410634321389","Sep 13, 2014 2:52:01 PM",""
"9789919773861","9789919773861","EAN_13","1410634315684","Sep 13, 2014 2:51:55 PM",""
"9789924193548","9789924193548","EAN_13","1410634309662","Sep 13, 2014 2:51:49 PM",""
"9789924193548","9789924193548","EAN_13","1410634303912","Sep 13, 2014 2:51:43 PM",""
"2800143145235","2800143145235","CODE_128","1410634297454","Sep 13, 2014 2:51:37 PM",""
"9789923199374","9789923199374","EAN_13","1410634290966","Sep 13, 2014 2:51:30 PM",""
"9789922313030","9789922313030","EAN_13","1410634284476","Sep 13, 2014 2:51:24 PM",""
"9789923398432","9789923398432","EAN_13","1410634274221","Sep 13, 2014 2:51:14 PM",""
"9789923333778","9789923333778","EAN_13","1410634268108","Sep 13, 2014 2:51:08 PM",""
"9789912957138","9789912957138","EAN_13","1410634254955","Sep 13, 2014 2:50:54 PM",""
"9789924570974","9789924570974","EAN_13","1410634247401","Sep 13, 2014 2:50:47 PM",""
"9789924570974","9789924570974","EAN_13","1410634243453","Sep 13, 2014 2:50:43 PM",""
"9789924731566","9789924731566","EAN_13","1410634234806","Sep 13, 2014 2:50:34 PM",""
"9789917602354","9789917602354","EAN_13","1410634227694","Sep 13, 2014 2:50:27 PM",""
"9789910099588","9789910099588","EAN_13","1410634220510","Sep 13, 2014 2:50:20 PM",""
"9789922793733","9789922793733","EAN_13","1410634210858","Sep 13, 2014 2:50:10 PM",""
"9789924458753","9789924458753","EAN_13","1410634186663","Sep 13, 2014 2:49:46 PM",""
"9789924458753","9789924458753","EAN_13","1410634182024","Sep 13, 2014 2:49:42 PM",""
"9789922450933","9789922450933","EAN_13","1410634174260","Sep 13, 2014 2:49:34 PM",""
"9789922450933","9789922450933","EAN_13","1410634169792","Sep 13, 2014 2:49:29 PM",""
"9789918630370","9789918630370","EAN_13","1410634161656","Sep 13, 2014 2:49:21 PM",""
"9789922793733","9789922793733","EAN_13","1410634140841","Sep 13, 2014 2:49:00 PM",""
"9789923398326","9789923398326","EAN_13","1410634123268","Sep 13, 2014 2:48:43 PM",""
"9789923398326","9789923398326","EAN_13","1410634102528","Sep 13, 2014 2:48:22 PM",""
"9789923830871","9789923830871","EAN_13","1410634095695","Sep 13, 2014 2:48:15 PM",""
"9789923830871","9789923830871","EAN_13","1410634093845","Sep 13, 2014 2:48:13 PM",""
"9789923199176","9789923199176","EAN_13","1410634056864","Sep 13, 2014 2:47:36 PM",""
"9789923199176","9789923199176","EAN_13","1410634050508","Sep 13, 2014 2:47:30 PM",""
"9789923830970","9789923830970","EAN_13","1410634029273","Sep 13, 2014 2:47:09 PM",""
"9789924459996","9789924459996","EAN_13","1410634020631","Sep 13, 2014 2:47:00 PM",""
"9789922793849","9789922793849","EAN_13","1410633993880","Sep 13, 2014 2:46:33 PM",""
"9789922793849","9789922793849","EAN_13","1410633984737","Sep 13, 2014 2:46:24 PM",""
"9789923014646","9789923014646","EAN_13","1410633976715","Sep 13, 2014 2:46:16 PM",""
"9789924226406","9789924226406","EAN_13","1410633968192","Sep 13, 2014 2:46:08 PM",""
"9789923168837","9789923168837","EAN_13","1410633960034","Sep 13, 2014 2:46:00 PM",""
"9789924336471","9789924336471","EAN_13","1410633951915","Sep 13, 2014 2:45:51 PM",""
"9789921725452","9789921725452","EAN_13","1410633942619","Sep 13, 2014 2:45:42 PM",""
"9789921725452","9789921725452","EAN_13","1410633939308","Sep 13, 2014 2:45:39 PM",""
"9789924058038","9789924058038","EAN_13","1410633933543","Sep 13, 2014 2:45:33 PM",""
"9789922511917","9789922511917","EAN_13","1410633927573","Sep 13, 2014 2:45:27 PM",""
"9789922564029","9789922564029","EAN_13","1410633921975","Sep 13, 2014 2:45:21 PM",""
"9789922713533","9789922713533","EAN_13","1410633915725","Sep 13, 2014 2:45:15 PM",""
"9789922713533","9789922713533","EAN_13","1410633907237","Sep 13, 2014 2:45:07 PM",""
"9789917894001","9789917894001","EAN_13","1410633900499","Sep 13, 2014 2:45:00 PM",""
"9789922511870","9789922511870","EAN_13","1410633893453","Sep 13, 2014 2:44:53 PM",""
"9789923621486","9789923621486","EAN_13","1410633886510","Sep 13, 2014 2:44:46 PM",""
"9789921341904","9789921341904","EAN_13","1410633880686","Sep 13, 2014 2:44:40 PM",""
"9789921341904","9789921341904","EAN_13","1410633872370","Sep 13, 2014 2:44:32 PM",""
"9789924058014","9789924058014","EAN_13","1410633866385","Sep 13, 2014 2:44:26 PM",""
"9789921952964","9789921952964","EAN_13","1410633857695","Sep 13, 2014 2:44:17 PM",""
"9789921952964","9789921952964","EAN_13","1410633851481","Sep 13, 2014 2:44:11 PM",""
"9789922260884","9789922260884","EAN_13","1410633844157","Sep 13, 2014 2:44:04 PM",""
"9789923757154","9789923757154","EAN_13","1410633838281","Sep 13, 2014 2:43:58 PM",""
"9789920821896","9789920821896","EAN_13","1410633830780","Sep 13, 2014 2:43:50 PM",""
"9789923168769","9789923168769","EAN_13","1410633822989","Sep 13, 2014 2:43:42 PM",""
"9789924731528","9789924731528","EAN_13","1410633814500","Sep 13, 2014 2:43:34 PM",""
"9789924458616","9789924458616","EAN_13","1410633807713","Sep 13, 2014 2:43:27 PM",""
"9789921851922","9789921851922","EAN_13","1410633801902","Sep 13, 2014 2:43:21 PM",""
"9789923562604","9789923562604","EAN_13","1410633793523","Sep 13, 2014 2:43:13 PM",""
"9789924052968","9789924052968","EAN_13","1410633784721","Sep 13, 2014 2:43:04 PM",""
"9789924052968","9789924052968","EAN_13","1410633781031","Sep 13, 2014 2:43:01 PM",""
"9789914364101","9789914364101","EAN_13","1410633753522","Sep 13, 2014 2:42:33 PM",""
"9789914364101","9789914364101","EAN_13","1410633752225","Sep 13, 2014 2:42:32 PM",""
"9789922779089","9789922779089","EAN_13","1410633741424","Sep 13, 2014 2:42:21 PM",""
"9789923727737","9789923727737","EAN_13","1410633730290","Sep 13, 2014 2:42:10 PM",""
"2800545133731","2800545133731","CODE_128","1410633718068","Sep 13, 2014 2:41:58 PM",""
"9789924427988","9789924427988","EAN_13","1410633710305","Sep 13, 2014 2:41:50 PM",""
"9789921724837","9789921724837","EAN_13","1410633698007","Sep 13, 2014 2:41:38 PM",""
"9789921724837","9789921724837","EAN_13","1410633692031","Sep 13, 2014 2:41:32 PM",""
"9789923227435","9789923227435","EAN_13","1410633678117","Sep 13, 2014 2:41:18 PM",""
"9789923227435","9789923227435","EAN_13","1410633672947","Sep 13, 2014 2:41:12 PM",""
"9789923727959","9789923727959","EAN_13","1410633642777","Sep 13, 2014 2:40:42 PM",""
"9789923501450","9789923501450","EAN_13","1410633634622","Sep 13, 2014 2:40:34 PM",""
"9789923501450","9789923501450","EAN_13","1410633631072","Sep 13, 2014 2:40:31 PM",""
"9789924428190","9789924428190","EAN_13","1410633618537","Sep 13, 2014 2:40:18 PM",""
"9789913923781","9789913923781","EAN_13","1410633609839","Sep 13, 2014 2:40:09 PM",""
"9789924676614","9789924676614","EAN_13","1410633601460","Sep 13, 2014 2:40:01 PM",""
"9789923542972","9789923542972","EAN_13","1410633593409","Sep 13, 2014 2:39:53 PM",""
"9789923542972","9789923542972","EAN_13","1410633589194","Sep 13, 2014 2:39:49 PM",""
"9789924222989","9789924222989","EAN_13","1410633580275","Sep 13, 2014 2:39:40 PM",""
"9789924802549","9789924802549","EAN_13","1410633569825","Sep 13, 2014 2:39:29 PM",""
"9789924802549","9789924802549","EAN_13","1410633563329","Sep 13, 2014 2:39:23 PM",""
"9789923562468","9789923562468","EAN_13","1410633556386","Sep 13, 2014 2:39:16 PM",""
"9789923562468","9789923562468","EAN_13","1410633551110","Sep 13, 2014 2:39:11 PM",""
"9789923744253","9789923744253","EAN_13","1410633536157","Sep 13, 2014 2:38:56 PM",""
"9789922368429","9789922368429","EAN_13","1410633520813","Sep 13, 2014 2:38:40 PM",""
"9789924427841","9789924427841","EAN_13","1410633509735","Sep 13, 2014 2:38:29 PM",""
"9789924427841","9789924427841","EAN_13","1410633503364","Sep 13, 2014 2:38:23 PM",""
"9789924200192","9789924200192","EAN_13","1410633495459","Sep 13, 2014 2:38:15 PM",""
"9789923501238","9789923501238","EAN_13","1410633486556","Sep 13, 2014 2:38:06 PM",""
"9789923269169","9789923269169","EAN_13","1410633478296","Sep 13, 2014 2:37:58 PM",""
"9789921822052","9789921822052","EAN_13","1410633455374","Sep 13, 2014 2:37:35 PM",""
"9789924802525","9789924802525","EAN_13","1410633444347","Sep 13, 2014 2:37:24 PM",""
"9789923757413","9789923757413","EAN_13","1410633435641","Sep 13, 2014 2:37:15 PM",""
"9789924573593","9789924573593","EAN_13","1410633427747","Sep 13, 2014 2:37:07 PM",""
"9789924573845","9789924573845","EAN_13","1410633413927","Sep 13, 2014 2:36:53 PM",""
"9789923543122","9789923543122","EAN_13","1410633404267","Sep 13, 2014 2:36:44 PM",""
"9789923543122","9789923543122","EAN_13","1410633397375","Sep 13, 2014 2:36:37 PM",""
"9789920578165","9789920578165","EAN_13","1410633388903","Sep 13, 2014 2:36:28 PM",""
"9789920578165","9789920578165","EAN_13","1410633382480","Sep 13, 2014 2:36:22 PM",""
"9789921795493","9789921795493","EAN_13","1410633367919","Sep 13, 2014 2:36:07 PM",""
"9789921958201","9789921958201","EAN_13","1410633361086","Sep 13, 2014 2:36:01 PM",""
"9789921795448","9789921795448","EAN_13","1410633352785","Sep 13, 2014 2:35:52 PM",""
"9789923667491","9789923667491","EAN_13","1410633329935","Sep 13, 2014 2:35:29 PM",""
"9789921768534","9789921768534","EAN_13","1410633317647","Sep 13, 2014 2:35:17 PM",""
"9789921768534","9789921768534","EAN_13","1410633309999","Sep 13, 2014 2:35:09 PM",""
"9789921795400","9789921795400","EAN_13","1410633298200","Sep 13, 2014 2:34:58 PM",""
"9789918290727","9789918290727","EAN_13","1410633291466","Sep 13, 2014 2:34:51 PM",""
"2800060786023","2800060786023","CODE_128","1410633283589","Sep 13, 2014 2:34:43 PM",""
"9789923586020","9789923586020","EAN_13","1410633276685","Sep 13, 2014 2:34:36 PM",""
"9789924335931","9789924335931","EAN_13","1410633269429","Sep 13, 2014 2:34:29 PM",""
"9789924631903","9789924631903","EAN_13","1410633260123","Sep 13, 2014 2:34:20 PM",""
"9789923885949","9789923885949","EAN_13","1410633245734","Sep 13, 2014 2:34:05 PM",""
"9789923885505","9789923885505","EAN_13","1410633239145","Sep 13, 2014 2:33:59 PM",""
"9789922367323","9789922367323","EAN_13","1410633232712","Sep 13, 2014 2:33:52 PM",""
"9789923732748","9789923732748","EAN_13","1410633225587","Sep 13, 2014 2:33:45 PM",""
"9789923732748","9789923732748","EAN_13","1410633221259","Sep 13, 2014 2:33:41 PM",""
"9789923398913","9789923398913","EAN_13","1410633213865","Sep 13, 2014 2:33:33 PM",""
"9789923017883","9789923017883","EAN_13","1410633202374","Sep 13, 2014 2:33:22 PM",""
"9789923017883","9789923017883","EAN_13","1410633198598","Sep 13, 2014 2:33:18 PM",""
"9789921505733","9789921505733","EAN_13","1410633190357","Sep 13, 2014 2:33:10 PM",""
"9789921169614","9789921169614","EAN_13","1410633181202","Sep 13, 2014 2:33:01 PM",""
"9789915129594","9789915129594","EAN_13","1410633172505","Sep 13, 2014 2:32:52 PM",""
"9789924765844","9789924765844","EAN_13","1410633154493","Sep 13, 2014 2:32:34 PM",""
"9789924765844","9789924765844","EAN_13","1410633149864","Sep 13, 2014 2:32:29 PM",""
"2800307282677","2800307282677","CODE_128","1410633141229","Sep 13, 2014 2:32:21 PM",""
"9789922563930","9789922563930","EAN_13","1410633134770","Sep 13, 2014 2:32:14 PM",""
"9789922563930","9789922563930","EAN_13","1410633127692","Sep 13, 2014 2:32:07 PM",""
"9789917704775","9789917704775","EAN_13","1410633119456","Sep 13, 2014 2:31:59 PM",""
"9789923915905","9789923915905","EAN_13","1410633113495","Sep 13, 2014 2:31:53 PM",""
"9789921501278","9789921501278","EAN_13","1410633102780","Sep 13, 2014 2:31:42 PM",""
"9789924057079","9789924057079","EAN_13","1410633097803","Sep 13, 2014 2:31:37 PM",""
"9789914033533","9789914033533","EAN_13","1410633088510","Sep 13, 2014 2:31:28 PM",""
"9789924672722","9789924672722","EAN_13","1410633080502","Sep 13, 2014 2:31:20 PM",""
"9789921768787","9789921768787","EAN_13","1410633071742","Sep 13, 2014 2:31:11 PM",""
"9789921768787","9789921768787","EAN_13","1410633067822","Sep 13, 2014 2:31:07 PM",""
"9789923858059","9789923858059","EAN_13","1410633057216","Sep 13, 2014 2:30:57 PM",""
"9789924057055","9789924057055","EAN_13","1410633050158","Sep 13, 2014 2:30:50 PM",""
"9789924057055","9789924057055","EAN_13","1410633042279","Sep 13, 2014 2:30:42 PM",""
"9789924057987","9789924057987","EAN_13","1410633033364","Sep 13, 2014 2:30:33 PM",""
"9789919773021","9789919773021","EAN_13","1410633025356","Sep 13, 2014 2:30:25 PM",""
"9789923667606","9789923667606","EAN_13","1410633015108","Sep 13, 2014 2:30:15 PM",""
"9789923667606","9789923667606","EAN_13","1410633010385","Sep 13, 2014 2:30:10 PM",""
"9789923888971","9789923888971","EAN_13","1410633004257","Sep 13, 2014 2:30:04 PM",""
"9789922793276","9789922793276","EAN_13","1410632997794","Sep 13, 2014 2:29:57 PM",""
"9789922793276","9789922793276","EAN_13","1410632992807","Sep 13, 2014 2:29:52 PM",""
"9789924684121","9789924684121","EAN_13","1410632986504","Sep 13, 2014 2:29:46 PM",""
"9789921500356","9789921500356","EAN_13","1410632980382","Sep 13, 2014 2:29:40 PM",""
"9789924929772","9789924929772","EAN_13","1410632972069","Sep 13, 2014 2:29:32 PM",""
"9789921952605","9789921952605","EAN_13","1410632964073","Sep 13, 2014 2:29:24 PM",""
"9789921952605","9789921952605","EAN_13","1410632959508","Sep 13, 2014 2:29:19 PM",""
"9789921822168","9789921822168","EAN_13","1410632939757","Sep 13, 2014 2:28:59 PM",""
"9789921822168","9789921822168","EAN_13","1410632932969","Sep 13, 2014 2:28:52 PM",""
"9789918288748","9789918288748","EAN_13","1410632914020","Sep 13, 2014 2:28:34 PM",""
"9789918288748","9789918288748","EAN_13","1410632906743","Sep 13, 2014 2:28:26 PM",""
"9789921958881","9789921958881","EAN_13","1410632900010","Sep 13, 2014 2:28:20 PM",""
"9789924056997","9789924056997","EAN_13","1410632892132","Sep 13, 2014 2:28:12 PM",""
"9789922516431","9789922516431","EAN_13","1410632880293","Sep 13, 2014 2:28:00 PM",""
"9789923757116","9789923757116","EAN_13","1410632872021","Sep 13, 2014 2:27:52 PM",""
"9789923757116","9789923757116","EAN_13","1410632868284","Sep 13, 2014 2:27:48 PM",""
"2800743542014","2800743542014","CODE_128","1410632861067","Sep 13, 2014 2:27:41 PM",""
"2800545160249","2800545160249","CODE_128","1410632851694","Sep 13, 2014 2:27:31 PM",""
"9789924675778","9789924675778","EAN_13","1410632845239","Sep 13, 2014 2:27:25 PM",""
"9789924675662","9789924675662","EAN_13","1410632837359","Sep 13, 2014 2:27:17 PM",""
"9789923145685","9789923145685","EAN_13","1410632829282","Sep 13, 2014 2:27:09 PM",""
"9789923144244","9789923144244","EAN_13","1410632821234","Sep 13, 2014 2:27:01 PM",""
"9789923280836","9789923280836","EAN_13","1410632811555","Sep 13, 2014 2:26:51 PM",""
"9789923280836","9789923280836","EAN_13","1410632806552","Sep 13, 2014 2:26:46 PM",""
"9789924602200","9789924602200","EAN_13","1410632796489","Sep 13, 2014 2:26:36 PM",""
"9789923001691","9789923001691","EAN_13","1410632758755","Sep 13, 2014 2:25:58 PM",""
"9789924444978","9789924444978","EAN_13","1410632752424","Sep 13, 2014 2:25:52 PM",""
"9789923023181","9789923023181","EAN_13","1410632741300","Sep 13, 2014 2:25:41 PM",""
"9789923023181","9789923023181","EAN_13","1410632735697","Sep 13, 2014 2:25:35 PM",""
"9789924226581","9789924226581","EAN_13","1410632726281","Sep 13, 2014 2:25:26 PM",""
"9789920255127","9789920255127","EAN_13","1410632718444","Sep 13, 2014 2:25:18 PM",""
"9789922368443","9789922368443","EAN_13","1410632711629","Sep 13, 2014 2:25:11 PM",""
"9789921501216","9789921501216","EAN_13","1410632701603","Sep 13, 2014 2:25:01 PM",""
"9789921501216","9789921501216","EAN_13","1410632692231","Sep 13, 2014 2:24:52 PM",""
"9789922368351","9789922368351","EAN_13","1410632684638","Sep 13, 2014 2:24:44 PM",""
"9789924672968","9789924672968","EAN_13","1410632674678","Sep 13, 2014 2:24:34 PM",""
"9789924672944","9789924672944","EAN_13","1410632665154","Sep 13, 2014 2:24:25 PM",""
"9789924672944","9789924672944","EAN_13","1410632660293","Sep 13, 2014 2:24:20 PM",""
"9789923986813","9789923986813","EAN_13","1410632651778","Sep 13, 2014 2:24:11 PM",""
"9789923986813","9789923986813","EAN_13","1410632641785","Sep 13, 2014 2:24:01 PM",""
"9789911804020","9789911804020","EAN_13","1410632627460","Sep 13, 2014 2:23:47 PM",""
"9789911804020","9789911804020","EAN_13","1410632619638","Sep 13, 2014 2:23:39 PM",""
"9789918121397","9789918121397","EAN_13","1410632611124","Sep 13, 2014 2:23:31 PM",""
"9789924226574","9789924226574","EAN_13","1410632601001","Sep 13, 2014 2:23:21 PM",""
"9789921501858","9789921501858","EAN_13","1410632575941","Sep 13, 2014 2:22:55 PM",""
"9789921501858","9789921501858","EAN_13","1410632567815","Sep 13, 2014 2:22:47 PM",""
"9789917168737","9789917168737","EAN_13","1410632560569","Sep 13, 2014 2:22:40 PM",""
"9789923014561","9789923014561","EAN_13","1410632551714","Sep 13, 2014 2:22:31 PM",""
"9789923562581","9789923562581","EAN_13","1410632539802","Sep 13, 2014 2:22:19 PM",""
"9789923949627","9789923949627","EAN_13","1410632532056","Sep 13, 2014 2:22:12 PM",""
"9789923280942","9789923280942","EAN_13","1410632519841","Sep 13, 2014 2:21:59 PM",""
"9789923279014","9789923279014","EAN_13","1410632419138","Sep 13, 2014 2:20:19 PM",""
"9789923279014","9789923279014","EAN_13","1410632412579","Sep 13, 2014 2:20:12 PM",""
"9789923622827","9789923622827","EAN_13","1410632403938","Sep 13, 2014 2:20:03 PM",""
"9789923622827","9789923622827","EAN_13","1410632397742","Sep 13, 2014 2:19:57 PM",""
"9789922196541","9789922196541","EAN_13","1410632382177","Sep 13, 2014 2:19:42 PM",""
"9789924445135","9789924445135","EAN_13","1410632373755","Sep 13, 2014 2:19:33 PM",""
"9789921725513","9789921725513","EAN_13","1410632366370","Sep 13, 2014 2:19:26 PM",""
"9789921725513","9789921725513","EAN_13","1410632359628","Sep 13, 2014 2:19:19 PM",""
"9789924336624","9789924336624","EAN_13","1410632352311","Sep 13, 2014 2:19:12 PM",""
"9789924683988","9789924683988","EAN_13","1410632339058","Sep 13, 2014 2:18:59 PM",""
"9789923823880","9789923823880","EAN_13","1410632330400","Sep 13, 2014 2:18:50 PM",""
"9789922919270","9789922919270","EAN_13","1410632320067","Sep 13, 2014 2:18:40 PM",""
"9789921768671","9789921768671","EAN_13","1410632310575","Sep 13, 2014 2:18:30 PM",""
"9789922196404","9789922196404","EAN_13","1410632303256","Sep 13, 2014 2:18:23 PM",""
"9789922196404","9789922196404","EAN_13","1410632296840","Sep 13, 2014 2:18:16 PM",""
"9789919769116","9789919769116","EAN_13","1410632286168","Sep 13, 2014 2:18:06 PM",""
"9789917316121","9789917316121","EAN_13","1410632276704","Sep 13, 2014 2:17:56 PM",""
"9789923744062","9789923744062","EAN_13","1410632267850","Sep 13, 2014 2:17:47 PM",""
"9789915728407","9789915728407","EAN_13","1410632259653","Sep 13, 2014 2:17:39 PM",""
"9789922427539","9789922427539","EAN_13","1410632251969","Sep 13, 2014 2:17:31 PM",""
"9789922427539","9789922427539","EAN_13","1410632242922","Sep 13, 2014 2:17:22 PM",""
"9789923199268","9789923199268","EAN_13","1410632231738","Sep 13, 2014 2:17:11 PM",""
"9789923199268","9789923199268","EAN_13","1410632227680","Sep 13, 2014 2:17:07 PM",""
"9789923280843","9789923280843","EAN_13","1410632213145","Sep 13, 2014 2:16:53 PM",""
"9789923858295","9789923858295","EAN_13","1410632203202","Sep 13, 2014 2:16:43 PM",""
"9789921501926","9789921501926","EAN_13","1410632187364","Sep 13, 2014 2:16:27 PM",""
"9789923144541","9789923144541","EAN_13","1410632139704","Sep 13, 2014 2:15:39 PM",""
"9789924802563","9789924802563","EAN_13","1410632127179","Sep 13, 2014 2:15:27 PM",""
"9789924428039","9789924428039","EAN_13","1410632120264","Sep 13, 2014 2:15:20 PM",""
"9789924506676","9789924506676","EAN_13","1410632101460","Sep 13, 2014 2:15:01 PM",""
"9789921768893","9789921768893","EAN_13","1410632099798","Sep 13, 2014 2:14:59 PM",""
"9789921768756","9789921768756","EAN_13","1410632088201","Sep 13, 2014 2:14:48 PM",""
"9789923279038","9789923279038","EAN_13","1410632078728","Sep 13, 2014 2:14:38 PM",""
"2801572704888","2801572704888","CODE_128","1410632067734","Sep 13, 2014 2:14:27 PM",""
"9789922787039","9789922787039","EAN_13","1410632056299","Sep 13, 2014 2:14:16 PM",""
"9789923023105","9789923023105","EAN_13","1410632023056","Sep 13, 2014 2:13:43 PM",""
"9789923023105","9789923023105","EAN_13","1410631959317","Sep 13, 2014 2:12:39 PM",""
